{"cameraMode":{"drawMode":0,"name":"Shaded","section":"Shading Mode"},"sceneLighting":false,"audioPlay":false,"sceneViewState":{"showFog":true,"showMaterialUpdate":true,"showSkybox":true,"showFlares":true,"showImageEffects":true,"showParticleSystems":true},"in2DMode":false,"pivot":{"x":-3.8904805183410646,"y":1.8768908977508546,"z":-2.4333853721618654},"rotation":{"x":-0.009198333136737347,"y":-0.9819806814193726,"z":-0.05635487288236618,"w":0.18166764080524445},"size":0.20716822147369386,"orthographic":false}