{"cameraMode":{"drawMode":0,"name":"Shaded","section":"Shading Mode"},"sceneLighting":false,"audioPlay":false,"sceneViewState":{"showFog":true,"showMaterialUpdate":true,"showSkybox":true,"showFlares":true,"showImageEffects":true,"showParticleSystems":true},"in2DMode":false,"pivot":{"x":-12.243392944335938,"y":0.2990414798259735,"z":-34.33570098876953},"rotation":{"x":-0.03521622344851494,"y":0.6461455821990967,"z":-0.030198795720934869,"w":-0.7620452046394348},"size":-0.029629230499267579,"orthographic":false}