{"cameraMode":{"drawMode":0,"name":"Shaded","section":"Shading Mode"},"sceneLighting":false,"audioPlay":false,"sceneViewState":{"showFog":true,"showMaterialUpdate":true,"showSkybox":true,"showFlares":true,"showImageEffects":true,"showParticleSystems":true},"in2DMode":false,"pivot":{"x":-12.472158432006836,"y":-0.49267101287841799,"z":-23.239307403564454},"rotation":{"x":0.07766299694776535,"y":0.8569157719612122,"z":-0.139622300863266,"w":0.4906695485115051},"size":5.225014686584473,"orthographic":false}