{"cameraMode":{"drawMode":0,"name":"Shaded","section":"Shading Mode"},"sceneLighting":false,"audioPlay":false,"sceneViewState":{"showFog":true,"showMaterialUpdate":true,"showSkybox":true,"showFlares":true,"showImageEffects":true,"showParticleSystems":true},"in2DMode":false,"pivot":{"x":140.6999969482422,"y":12.800000190734864,"z":-46.5},"rotation":{"x":0.08364936709403992,"y":0.04302383214235306,"z":-0.006442871876060963,"w":0.9962271451950073},"size":3.777021646499634,"orthographic":false}