{"cameraMode":{"drawMode":0,"name":"Shaded","section":"Shading Mode"},"sceneLighting":false,"audioPlay":false,"sceneViewState":{"showFog":true,"showMaterialUpdate":true,"showSkybox":true,"showFlares":true,"showImageEffects":true,"showParticleSystems":true},"in2DMode":false,"pivot":{"x":0.0,"y":1.9999998807907105,"z":1.5832483768463136e-8},"rotation":{"x":0.008588423021137715,"y":0.9829471111297607,"z":-0.13650204241275788,"w":0.13061858713626862},"size":7.379485607147217,"orthographic":false}