{"cameraMode":{"drawMode":0,"name":"Shaded","section":"Shading Mode"},"sceneLighting":false,"audioPlay":false,"sceneViewState":{"showFog":true,"showMaterialUpdate":true,"showSkybox":true,"showFlares":true,"showImageEffects":true,"showParticleSystems":true},"in2DMode":false,"pivot":{"x":-15.359999656677246,"y":1.7281200885772706,"z":-10.239999771118164},"rotation":{"x":0.2536923587322235,"y":-0.055086467415094379,"z":-0.01183173805475235,"w":-0.9662836194038391},"size":13.238556861877442,"orthographic":false}