{"cameraMode":{"drawMode":0,"name":"Shaded","section":"Shading Mode"},"sceneLighting":false,"audioPlay":false,"sceneViewState":{"showFog":true,"showMaterialUpdate":true,"showSkybox":true,"showFlares":true,"showImageEffects":true,"showParticleSystems":true},"in2DMode":false,"pivot":{"x":-5.766952037811279,"y":1.3562889099121094,"z":4.4271345138549809},"rotation":{"x":-0.033829182386398318,"y":-0.1430123746395111,"z":-0.003476829035207629,"w":-0.9903733134269714},"size":85.63772583007813,"orthographic":false}