{"cameraMode":{"drawMode":0,"name":"Shaded","section":"Shading Mode"},"sceneLighting":true,"audioPlay":false,"sceneViewState":{"showFog":true,"showMaterialUpdate":true,"showSkybox":true,"showFlares":true,"showImageEffects":true,"showParticleSystems":true},"in2DMode":false,"pivot":{"x":-48.869998931884769,"y":-5.2900004386901859,"z":13.205000877380371},"rotation":{"x":0.28727349638938906,"y":0.20095853507518769,"z":-0.02410280518233776,"w":0.9379039406776428},"size":212.34375,"orthographic":false}