{"cameraMode":{"drawMode":0,"name":"Shaded","section":"Shading Mode"},"sceneLighting":true,"audioPlay":false,"sceneViewState":{"showFog":true,"showMaterialUpdate":true,"showSkybox":true,"showFlares":true,"showImageEffects":true,"showParticleSystems":true},"in2DMode":false,"pivot":{"x":-39.60065460205078,"y":-15.344156265258789,"z":3.835134506225586},"rotation":{"x":0.3929062783718109,"y":-0.17195092141628266,"z":0.11559359729290009,"w":0.8976985812187195},"size":47.487213134765628,"orthographic":false}