{"cameraMode":{"drawMode":0,"name":"Shaded","section":"Shading Mode"},"sceneLighting":false,"audioPlay":false,"sceneViewState":{"showFog":true,"showMaterialUpdate":true,"showSkybox":false,"showFlares":true,"showImageEffects":true,"showParticleSystems":true},"in2DMode":false,"pivot":{"x":-23.13123893737793,"y":3.1832051277160646,"z":13.10464096069336},"rotation":{"x":-0.006061626132577658,"y":-0.9359416365623474,"z":0.02848462015390396,"w":0.3549564480781555},"size":66.34532165527344,"orthographic":false}