{"cameraMode":{"drawMode":0,"name":"Shaded","section":"Shading Mode"},"sceneLighting":false,"audioPlay":false,"sceneViewState":{"showFog":true,"showMaterialUpdate":true,"showSkybox":true,"showFlares":true,"showImageEffects":true,"showParticleSystems":true},"in2DMode":false,"pivot":{"x":-3.89310884475708,"y":1.8656208515167237,"z":-2.4336256980895998},"rotation":{"x":0.008443818427622319,"y":-0.9986560940742493,"z":-0.039692070335149768,"w":0.05526695027947426},"size":2.607167959213257,"orthographic":false}