{"cameraMode":{"drawMode":0,"name":"Shaded","section":"Shading Mode"},"sceneLighting":false,"audioPlay":false,"sceneViewState":{"showFog":true,"showMaterialUpdate":true,"showSkybox":false,"showFlares":true,"showImageEffects":true,"showParticleSystems":true},"in2DMode":false,"pivot":{"x":0.02444247156381607,"y":-0.011900939047336579,"z":-0.0061158835887908939},"rotation":{"x":0.0658593401312828,"y":-0.8121954798698425,"z":0.14348623156547547,"w":0.5643320083618164},"size":0.6884080171585083,"orthographic":false}